year,month,bidding_no,vehicle_class,quota,bids_received,premium
2010,2010-01,1,Category A,1152,1342,18502
2010,2010-01,1,Category B,687,883,19190
2010,2010-01,1,Category C,173,265,19001
2010,2010-01,1,Category D,373,509,889
2010,2010-01,1,Category E,586,1011,19889
2010,2010-01,2,Category A,1151,1673,20501
2010,2010-01,2,Category B,717,1105,22400
2010,2010-01,2,Category C,181,280,20090
2010,2010-01,2,Category D,378,551,852
2010,2010-01,2,Category E,588,1322,21899
2010,2010-02,1,Category A,1154,1326,19989
2010,2010-02,1,Category B,693,930,23180
2010,2010-02,1,Category C,165,250,21390
2010,2010-02,1,Category D,371,525,852
2010,2010-02,1,Category E,601,1069,22401
2010,2010-02,2,Category A,-1148,1493,20340
2010,2010-02,2,Category B,685,956,23889
2010,2010-02,2,Category C,173,285,23501
2010,2010-02,2,Category D,363,472,1001
2010,2010-02,2,Category E,590,1255,24229
2010,2010-03,1,Category A,1148,1758,20802
2010,2010-03,1,Category B,688,1087,26389
2010,2010-03,1,Category C,168,257,27001
2010,2010-03,1,Category D,385,467,1159
2010,2010-03,1,Category E,587,1184,27590
2010,2010-03,2,Category A,1146,2183,28389
2010,2010-03,2,Category B,711,1207,36089
2010,2010-03,2,Category C,168,341,32890
2010,2010-03,2,Category D,371,495,1200
2010,2010-03,2,Category E,584,1507,42001
2010,2010-04,1,Category A,705,1379,34001
2010,2010-04,1,Category B,571,858,45501
2010,2010-04,1,Category C,180,329,36511
2010,2010-04,1,Category D,338,409,1221
2010,2010-04,1,Category E,372,856,49000
2010,2010-04,2,Category A,706,1242,30000
2010,2010-04,2,Category B,561,896,40001
2010,2010-04,2,Category C,203,298,35556
2010,2010-04,2,Category D,339,383,1253
2010,2010-04,2,Category E,390,709,43003
2010,2010-05,1,Category A,806,1294,26102
2010,2010-05,1,Category B,550,869,38000
2010,2010-05,1,Category C,189,329,32501
2010,2010-05,1,Category D,340,415,1252
2010,2010-05,1,Category E,404,857,39002
2010,2010-05,2,Category A,699,1036,27389
2010,2010-05,2,Category B,561,715,34600
2010,2010-05,2,Category C,176,296,29389
2010,2010-05,2,Category D,364,468,1312
2010,2010-05,2,Category E,367,608,39000
2010,2010-06,1,Category A,706,1107,30051
2010,2010-06,1,Category B,553,779,40002
2010,2010-06,1,Category C,178,273,30189
2010,2010-06,1,Category D,359,504,1452
2010,2010-06,1,Category E,361,639,41000
2010,2010-06,2,Category A,699,902,31510
2010,2010-06,2,Category B,557,720,39911
2010,2010-06,2,Category C,182,253,31689
2010,2010-06,2,Category D,340,376,1454
2010,2010-06,2,Category E,362,682,41006
2010,2010-07,1,Category A,700,893,29501
2010,2010-07,1,Category B,557,671,35909
2010,2010-07,1,Category C,177,277,31389
2010,2010-07,1,Category D,351,476,1320
2010,2010-07,1,Category E,399,660,41010
2010,2010-07,2,Category A,699,967,36162
2010,2010-07,2,Category B,552,890,42889
2010,2010-07,2,Category C,183,285,30601
2010,2010-07,2,Category D,337,372,1290
2010,2010-07,2,Category E,363,725,43565
2010,2010-08,1,Category A,622,786,32104
2010,2010-08,1,Category B,479,662,43334
2010,2010-08,1,Category C,205,284,30112
2010,2010-08,1,Category D,336,384,1301
2010,2010-08,1,Category E,309,594,42901
2010,2010-08,2,Category A,606,975,1
2010,2010-08,2,Category B,482,683,42810
2010,2010-08,2,Category C,206,275,30002
2010,2010-08,2,Category D,335,369,1251
2010,2010-08,2,Category E,315,583,43501
2010,2010-09,1,Category A,631,775,33089
2010,2010-09,1,Category B,479,757,44129
2010,2010-09,1,Category C,204,291,33000
2010,2010-09,1,Category D,342,453,1502
2010,2010-09,1,Category E,310,460,44001
2010,2010-09,2,Category A,597,993,30001
2010,2010-09,2,Category B,488,648,42501
2010,2010-09,2,Category C,206,271,31001
2010,2010-09,2,Category D,338,364,1452
2010,2010-09,2,Category E,309,520,43290
2010,2010-10,1,Category A,601,722,33132
2010,2010-10,1,Category B,479,630,42801
2010,2010-10,1,Category C,218,287,30889
2010,2010-10,1,Category D,345,422,1502
2010,2010-10,1,Category E,311,518,44090
2010,2010-10,2,Category A,647,817,32415
2010,2010-10,2,Category B,479,766,44600
2010,2010-10,2,Category C,210,287,30511
2010,2010-10,2,Category D,333,430,1689
2010,2010-10,2,,311,455,44900
2010,2010-11,1,Category A,598,843,34001
2010,2010-11,1,Category B,482,718,45501
2010,2010-11,1,Category C,205,270,31006
2010,2010-11,1,Category D,357,414,1452
2010,2010-11,1,Category E,316,497,46001
2010,2010-11,2,Category A,597,833,39000
2010,2010-11,2,Category B,480,709,47890
2010,2010-11,2,Category C,205,241,31202
2010,2010-11,2,Category D,361,424,1502
2010,2010-11,2,Category E,333,634,49890
2010,2010-12,1,Category A,598,1020,47604
2010,2010-12,1,Category B,479,1034,62502
2010,2010-12,1,Category C,208,294,32001
2010,2010-12,1,Category D,337,410,1701
2010,2010-12,1,Category E,313,674,64900
2010,2010-12,2,Category A,617,755,46129
2010,2010-12,2,Category B,499,872,72001
2010,2010-12,2,Category C,208,300,33501
2010,2010-12,2,Category D,369,406,1551
2010,2010-12,2,Category E,311,463,76102
2011,2011-01,1,Category A,614,1192,38889
2011,2011-01,1,Category B,481,790,69000
2011,2011-01,1,Category C,205,294,35111
2011,2011-01,1,Category D,340,398,1503
2011,2011-01,1,Category E,309,475,75789
2011,2011-01,2,Category A,607,1091,40123
2011,2011-01,2,Category B,483,700,58910
2011,2011-01,2,Category C,207,272,30000
2011,2011-01,2,Category D,339,458,1690
2011,2011-01,2,Category E,319,433,67009
2011,2011-02,1,Category A,523,1146,37124
2011,2011-02,1,Category B,431,640,53400
2011,2011-02,1,Category C,275,356,28589
2011,2011-02,1,Category D,328,417,1819
2011,2011-02,1,Category E,333,648,58890
2011,2011-02,2,Category A,511,788,42999
2011,2011-02,2,Category B,424,726,62000
2011,2011-02,2,Category C,287,368,29011
2011,2011-02,2,Category D,330,461,2001
2011,2011-02,2,Category E,336,558,62001
2011,2011-03,1,Category A,532,875,42600
2011,2011-03,1,Category B,424,667,61894
2011,2011-03,1,Category C,276,360,30001
2011,2011-03,1,Category D,325,490,2604
2011,2011-03,1,Category E,336,574,62010
2011,2011-03,2,Category A,527,927,43813
2011,2011-03,2,Category B,424,579,57002
2011,2011-03,2,Category C,281,371,29690
2011,2011-03,2,Category D,362,429,2534
2011,2011-03,2,Category E,330,458,59073
2011,2011-04,1,Category A,512,813,43212
2011,2011-04,1,Category B,425,542,55001
2011,2011-04,1,Category C,276,316,28189
2011,2011-04,1,Category D,340,500,2490
2011,2011-04,1,Category E,341,454,57100
2011,2011-04,2,Category A,565,964,44000
2011,2011-04,2,Category B,423,627,56801
2011,2011-04,2,Category C,277,346,23900
2011,2011-04,2,Category D,326,478,2502
2011,2011-04,2,Category E,330,484,56001
2011,2011-05,1,Category A,511,944,44790
2011,2011-05,1,Category B,439,650,56011
2011,2011-05,1,Category C,277,366,21889
2011,2011-05,1,Category D,330,481,2253
2011,2011-05,1,Category E,330,498,56490
2011,2011-05,2,Category A,523,760,46989
2011,2011-05,2,Category B,424,564,56300
2011,2011-05,2,Category C,283,381,22989
2011,2011-05,2,Category D,326,486,2013
2011,2011-05,2,Category E,331,470,56889
2011,2011-06,1,Category A,510,880,53390
2011,2011-06,1,Category B,424,759,63000
2011,2011-06,1,Category C,276,457,29006
2011,2011-06,1,Category D,327,507,2491
2011,2011-06,1,Category E,338,530,62000
2011,2011-06,2,Category A,512,715,50244
2011,2011-06,2,Category B,423,684,67700
2011,2011-06,2,Category C,279,391,31089
2011,2011-06,2,Category D,328,367,2290
2011,2011-06,2,Category E,339,468,65490
2011,2011-07,1,Category A,514,839,55989
2011,2011-07,1,Category B,445,728,68501
2011,2011-07,1,Category C,276,375,32590
2011,2011-07,1,Category D,325,369,2360
2011,2011-07,1,Category E,372,509,68811
2011,2011-07,2,Category A,510,776,56002
2011,2011-07,2,Category B,436,626,72501
2011,2011-07,2,Category C,284,393,34502
2011,2011-07,2,Category D,332,496,2012
2011,2011-07,2,Category E,335,459,74490
2011,2011-08,1,Category A,566,1034,48801
2011,2011-08,1,Category B,354,469,70890
2011,2011-08,1,Category C,241,383,34009
2011,2011-08,1,Category D,390,470,1890
2011,2011-08,1,Category E,360,488,70117
2011,2011-08,2,Category A,557,927,49301
2011,2011-08,2,Category B,353,527,65521
2011,2011-08,2,Category C,245,367,32289
2011,2011-08,2,Category D,387,471,1999
2011,2011-08,2,Category E,337,516,67000
2011,2011-09,1,Category A,548,794,51000
2011,2011-09,1,Category B,359,496,63002
2011,2011-09,1,Category C,243,328,31900
2011,2011-09,1,Category D,388,532,2339
2011,2011-09,1,Category E,330,466,65589
2011,2011-09,2,Category A,548,951,48006
2011,2011-09,2,Category B,353,469,64889
2011,2011-09,2,Category C,250,325,30089
2011,2011-09,2,Category D,392,492,2109
2011,2011-09,2,Category E,332,449,62502
2011,2011-10,1,Category A,549,793,50289
2011,2011-10,1,Category B,356,524,63600
2011,2011-10,1,Category C,249,348,32801
2011,2011-10,1,Category D,394,486,2078
2011,2011-10,1,Category E,331,452,65058
2011,2011-10,2,Category A,565,873,56112
2011,2011-10,2,Category B,353,633,75889
2011,2011-10,2,Category C,244,354,37011
2011,2011-10,2,Category D,387,486,2091
2011,2011-10,2,Category E,330,518,73600
2011,2011-11,1,Category A,548,766,55997
2011,2011-11,1,Category B,356,551,77000
2011,2011-11,1,Category C,244,365,40803
2011,2011-11,1,Category D,388,429,2012
2011,2011-11,1,Category E,330,507,78001
2011,2011-11,2,Category A,559,756,54887
2011,2011-11,2,Category B,353,518,77340
2011,2011-11,2,Category C,256,335,40189
2011,2011-11,2,Category D,394,469,1889
2011,2011-11,2,Category E,355,496,75889
2011,2011-12,1,Category A,549,781,52392
2011,2011-12,1,Category B,354,474,72350
2011,2011-12,1,Category C,242,334,40009
2011,2011-12,1,Category D,416,451,1902
2011,2011-12,1,Category E,349,489,74340
2011,2011-12,2,Category A,566,878,50001
2011,2011-12,2,Category B,368,464,70003
2011,2011-12,2,Category C,249,361,39589
2011,2011-12,2,Category D,392,456,1481
2011,2011-12,2,Category E,334,521,71000
2012,2012-01,1,Category A,554,901,46889
2012,2012-01,1,Category B,356,511,65801
2012,2012-01,1,Category C,242,357,38699
2012,2012-01,1,Category D,388,434,1682
2012,2012-01,1,Category E,344,530,65700
2012,2012-01,2,Category A,657,903,48112
2012,2012-01,2,Category B,353,537,67889
2012,2012-01,2,Category C,241,405,44001
2012,2012-01,2,Category D,393,517,1552
2012,2012-01,2,Category E,380,538,67101
2012,2012-02,1,Category A,619,1058,52809
2012,2012-02,1,Category B,350,635,73890
2012,2012-02,1,Category C,162,307,49801
2012,2012-02,1,Category D,412,512,1802
2012,2012-02,1,Category E,312,425,73801
2012,2012-02,2,Category A,624,1017,57009
2012,2012-02,2,Category B,351,580,78189
2012,2012-02,2,Category C,164,248,52004
2012,2012-02,2,Category D,413,509,2012
2012,2012-02,2,Category E,314,507,78000
2012,2012-03,1,Category A,667,912,56551
2012,2012-03,1,Category B,354,626,79304
2012,2012-03,1,Category C,163,247,50009
2012,2012-03,1,Category D,413,474,1490
2012,2012-03,1,Category E,309,492,76881
2012,2012-03,2,Category A,636,1067,56501
2012,2012-03,2,Category B,352,529,82003
2012,2012-03,2,Category C,174,241,51511
2012,2012-03,2,Category D,434,584,2000
2012,2012-03,2,Category E,327,449,80101
2012,2012-04,1,Category A,637,960,58501
2012,2012-04,1,Category B,352,483,83700
2012,2012-04,1,Category C,163,222,53989
2012,2012-04,1,Category D,416,542,1896
2012,2012-04,1,Category E,309,413,84590
2012,2012-04,2,Category A,629,1011,64201
2012,2012-04,2,Category B,349,200,91000
2012,2012-04,2,Category C,160,261,57589
2012,2012-04,2,Category D,411,526,1924
2012,2012-04,2,Category E,308,447,92010
2012,2012-05,1,Category A,641,822,62600
2012,2012-05,1,Category B,354,545,92050
2012,2012-05,1,Category C,159,218,58553
2012,2012-05,1,Category D,410,514,2021
2012,2012-05,1,Category E,311,457,88990
2012,2012-05,2,,630,945,58001
2012,2012-05,2,Category B,349,482,85216
2012,2012-05,2,Category C,162,205,57106
2012,2012-05,2,Category D,410,520,1890
2012,2012-05,2,Category E,321,544,86889
2012,2012-06,1,Category A,668,1004,59003
2012,2012-06,1,Category B,350,490,83000
2012,2012-06,1,Category C,159,258,54522
2012,2012-06,1,Category D,410,569,1912
2012,2012-06,1,Category E,315,526,85889
2012,2012-06,2,Category A,633,920,59004
2012,2012-06,2,Category B,349,477,85400
2012,2012-06,2,Category C,161,242,54502
2012,2012-06,2,Category D,410,517,1712
2012,2012-06,2,Category E,317,427,84389
2012,2012-07,1,Category A,641,872,59421
2012,2012-07,1,Category B,358,459,82289
2012,2012-07,1,Category C,164,234,55556
2012,2012-07,1,Category D,451,592,1760
2012,2012-07,1,Category E,312,410,86999
2012,2012-07,2,Category A,676,911,68656
2012,2012-07,2,Category B,353,549,90501
2012,2012-07,2,Category C,163,222,55805
2012,2012-07,2,Category D,426,531,1859
2012,2012-07,2,Category E,310,429,92700
2012,2012-08,1,Category A,421,724,73501
2012,2012-08,1,Category B,350,489,94502
2012,2012-08,1,Category C,183,241,57001
2012,2012-08,1,Category D,456,659,2081
2012,2012-08,1,Category E,260,354,95034
2012,2012-08,2,Category A,400,530,66889
2012,2012-08,2,Category B,351,532,88002
2012,2012-08,2,Category C,181,261,59334
2012,2012-08,2,Category D,448,535,2013
2012,2012-08,2,Category E,247,301,93990
2012,2012-09,1,Category A,399,518,68000
2012,2012-09,1,Category B,355,466,80191
2012,2012-09,1,Category C,183,269,57334
2012,2012-09,1,Category D,450,575,1801
2012,2012-09,1,Category E,245,349,87999
2012,2012-09,2,Category A,402,486,63000
2012,2012-09,2,Category B,351,523,88500
2012,2012-09,2,Category C,182,230,57809
2012,2012-09,2,Category D,450,566,1852
2012,2012-09,2,Category E,252,421,89990
2012,2012-10,1,Category A,401,506,69000
2012,2012-10,1,Category B,350,414,80001
2012,2012-10,1,Category C,186,221,56001
2012,2012-10,1,Category D,447,631,1912
2012,2012-10,1,Category E,243,312,86889
2012,2012-10,2,Category A,393,509,71001
2012,2012-10,2,Category B,353,540,85801
2012,2012-10,2,Category C,180,229,57889
2012,2012-10,2,Category D,463,605,1920
2012,2012-10,2,Category E,249,371,87000
2012,2012-11,1,Category A,395,621,77201
2012,2012-11,1,Category B,350,573,92400
2012,2012-11,1,Category C,181,268,59111
2012,2012-11,1,Category D,481,580,1959
2012,2012-11,1,Category E,244,401,92100
2012,2012-11,2,Category A,396,540,77291
2012,2012-11,2,Category B,351,487,93004
2012,2012-11,2,Category C,179,254,60235
2012,2012-11,2,Category D,448,523,1689
2012,2012-11,2,Category E,258,352,93990
2012,2012-12,1,Category A,395,482,78523
2012,2012-12,1,Category B,350,493,90200
2012,2012-12,1,Category C,181,281,63035
2012,2012-12,1,Category D,450,602,1612
2012,2012-12,1,Category E,246,329,97000
2012,2012-12,2,Category A,395,499,81889
2012,2012-12,2,Category B,360,478,93501
2012,2012-12,2,Category C,182,242,62201
2012,2012-12,2,Category D,454,522,1701
2012,2012-12,2,Category E,250,406,95990
2013,2013-01,1,Category A,410,555,92100
2013,2013-01,1,Category B,363,470,96210
2013,2013-01,1,Category C,193,244,60000
2013,2013-01,1,Category D,462,523,1933
2013,2013-01,1,Category E,256,393,96101
2013,2013-01,2,Category A,409,489,91010
2013,2013-01,2,Category B,351,452,95501
2013,2013-01,2,Category C,184,262,57051
2013,2013-01,2,Category D,461,530,1781
2013,2013-01,2,Category E,251,344,97889
2013,2013-02,1,Category A,335,418,87109
2013,2013-02,1,Category B,302,431,92901
2013,2013-02,1,Category C,230,316,54989
2013,2013-02,1,Category D,506,637,1782
2013,2013-02,1,Category E,238,295,94890
2013,2013-02,2,Category A,333,427,78301
2013,2013-02,2,Category B,303,409,92667
2013,2013-02,2,Category C,225,285,53489
2013,2013-02,2,Category D,506,589,1512
2013,2013-02,2,Category E,241,370,91910
2013,2013-03,1,Category A,336,1180,74689
2013,2013-03,1,Category B,326,1028,58090
2013,2013-03,1,Category C,225,374,53900
2013,2013-03,1,Category D,510,669,1895
2013,2013-03,1,Category E,255,1036,65001
2013,2013-03,2,Category A,337,923,64209
2013,2013-03,2,Category B,307,940,73900
2013,2013-03,2,Category C,225,312,54111
2013,2013-03,2,Category D,543,634,1909
2013,2013-03,2,Category E,279,635,73301
2013,2013-04,1,Category A,341,966,61029
2013,2013-04,1,Category B,302,835,67010
2013,2013-04,1,Category C,227,334,56011
2013,2013-04,1,Category D,506,680,1812
2013,2013-04,1,Category E,245,450,66989
2013,2013-04,2,Category A,333,993,62497
2013,2013-04,2,Category B,310,683,62000
2013,2013-04,2,Category C,225,354,58502
2013,2013-04,2,Category D,506,545,1791
2013,2013-04,2,Category E,240,421,62000
2013,2013-05,1,Category A,336,912,62999
2013,2013-05,1,Category B,317,601,61700
2013,2013-05,1,Category C,225,312,57051
2013,2013-05,1,Category D,600,719,1700
2013,2013-05,1,Category E,239,447,62301
2013,2013-05,2,Category A,333,888,64839
2013,2013-05,2,Category B,332,749,67304
2013,2013-05,2,Category C,233,288,56889
2013,2013-05,2,Category D,507,642,1663
2013,2013-05,2,Category E,251,466,66701
2013,2013-06,1,Category A,341,855,67301
2013,2013-06,1,Category B,302,732,75000
2013,2013-06,1,Category C,227,292,57989
2013,2013-06,1,Category D,511,616,1701
2013,2013-06,1,Category E,239,534,76000
2013,2013-06,2,Category A,342,788,69903
2013,2013-06,2,Category B,305,734,81751
2013,2013-06,2,Category C,227,289,59001
2013,2013-06,2,Category D,554,647,1712
2013,2013-06,2,Category E,251,466,83001
2013,2013-07,1,Category A,338,716,73100
2013,2013-07,1,Category B,331,652,77110
2013,2013-07,1,Category C,226,301,61011
2013,2013-07,1,Category D,538,679,1610
2013,2013-07,1,Category E,288,485,77000
2013,2013-07,2,Category A,334,621,73989
2013,2013-07,2,Category B,303,574,76389
2013,2013-07,2,Category C,232,335,65036
2013,2013-07,2,Category D,526,652,1712
2013,2013-07,2,Category E,240,425,76802
2013,2013-08,1,Category A,373,754,75556
2013,2013-08,1,Category B,380,682,77600
2013,2013-08,1,Category C,258,364,68251
2013,2013-08,1,Category D,482,568,1792
2013,2013-08,1,Category E,264,407,77989
2013,2013-08,2,Category A,366,596,76223
2013,2013-08,2,Category B,375,627,76607
2013,2013-08,2,Category C,263,385,71001
2013,2013-08,2,Category D,491,615,1722
2013,2013-08,2,Category E,264,385,79223
2013,2013-09,1,Category A,366,609,77304
2013,2013-09,1,Category B,381,623,77100
2013,2013-09,1,Category C,258,340,73999
2013,2013-09,1,Category D,481,569,1660
2013,2013-09,1,Category E,263,431,80000
2013,2013-09,2,Category A,370,654,83751
2013,2013-09,2,Category B,377,703,86239
2013,2013-09,2,Category C,263,321,76001
2013,2013-09,2,Category D,523,579,1703
2013,2013-09,2,Category E,261,459,87001
2013,2013-10,1,Category A,365,615,85000
2013,2013-10,1,Category B,376,649,93500
2013,2013-10,1,Category C,261,315,76310
2013,2013-10,1,Category D,481,567,1961
2013,2013-10,1,Category E,342,483,93889
2013,2013-10,2,Category A,373,596,76889
2013,2013-10,2,Category B,382,515,87910
2013,2013-10,2,Category C,263,358,68002
2013,2013-10,2,Category D,482,586,1804
2013,2013-10,2,Category E,269,337,92289
2013,2013-11,1,Category A,368,590,72609
2013,2013-11,1,Category B,376,482,84578
2013,2013-11,1,Category C,257,427,55503
2013,2013-11,1,Category D,487,569,1710
2013,2013-11,1,Category E,273,379,89001
2013,2013-11,2,Category A,364,650,74991
2013,2013-11,2,Category B,379,536,79300
2013,2013-11,2,Category C,258,397,55002
2013,2013-11,2,Category D,481,543,1712
2013,2013-11,2,Category E,266,410,83000
2013,2013-12,1,Category A,364,591,73160
2013,2013-12,1,Category B,373,549,73010
2013,2013-12,1,Category C,258,359,51112
2013,2013-12,1,Category D,481,647,1782
2013,2013-12,1,Category E,264,365,76901
2013,2013-12,2,Category A,367,574,74002
2013,2013-12,2,Category B,377,500,75700
2013,2013-12,2,Category C,263,338,48001
2013,2013-12,2,Category D,524,680,1812
2013,2013-12,2,Category E,268,375,77501
2014,2014-01,1,Category A,364,623,72369
2014,2014-01,1,Category B,386,581,78700
2014,2014-01,1,Category C,258,337,48889
2014,2014-01,1,Category D,489,542,1989
2014,2014-01,1,Category E,261,392,79000
2014,2014-01,2,Category A,368,724,72290
2014,2014-01,2,Category B,393,512,79000
2014,2014-01,2,Category C,264,356,50001
2014,2014-01,2,Category D,503,796,2704
2014,2014-01,2,Category E,261,373,78810
2014,2014-02,1,Category A,362,719,71564
2014,2014-02,1,Category B,360,523,75300
2014,2014-02,1,Category C,267,364,51002
2014,2014-02,1,Category D,361,550,3051
2014,2014-02,1,Category E,208,351,77003
2014,2014-02,2,Category A,362,700,77201
2014,2014-02,2,Category B,355,519,78604
2014,2014-02,2,Category C,277,392,52890
2014,2014-02,2,Category D,360,478,3501
2014,2014-02,2,Category E,193,321,79000
2014,2014-03,1,Category A,365,615,76999
2014,2014-03,1,Category B,350,499,80710
2014,2014-03,1,Category C,265,439,56302
2014,2014-03,1,Category D,368,483,4001
2014,2014-03,1,Category E,193,292,82000
2014,2014-03,2,Category A,362,577,78602
2014,2014-03,2,Category B,353,524,82900
2014,2014-03,2,Category C,266,356,53891
2014,2014-03,2,Category D,360,449,4289
2014,2014-03,2,Category E,193,293,84001
2014,2014-04,1,Category A,367,537,77400
2014,2014-04,1,Category B,363,523,84504
2014,2014-04,1,Category C,265,303,49503
2014,2014-04,1,Category D,388,520,4489
2014,2014-04,1,Category E,199,283,84100
2014,2014-04,2,Category A,361,513,71335
2014,2014-04,2,Category B,351,486,75010
2014,2014-04,2,Category C,272,392,32890
2014,2014-04,2,Category D,365,492,4502
2014,2014-04,2,Category E,192,310,73810
2014,2014-05,1,Category A,513,676,60002
2014,2014-05,1,Category B,483,778,70002
2014,2014-05,1,Category C,389,715,36301
2014,2014-05,1,Category D,343,445,4001
2014,2014-05,1,Category E,295,525,65501
2014,2014-05,2,Category A,509,997,65689
2014,2014-05,2,Category B,484,716,68103
2014,2014-05,2,Category C,392,709,40889
2014,2014-05,2,Category D,358,492,4003
2014,2014-05,2,Category E,294,497,67290
2014,2014-06,1,Category A,507,1040,63190
2014,2014-06,1,Category B,494,807,67304
2014,2014-06,1,Category C,385,617,43001
2014,2014-06,1,Category D,346,449,4089
2014,2014-06,1,Category E,293,465,67334
2014,2014-06,2,Category A,509,1040,61899
2014,2014-06,2,Category B,490,716,65700
2014,2014-06,2,Category C,391,597,42001
2014,2014-06,2,Category D,385,503,3890
2014,2014-06,2,Category E,302,434,65301
2014,2014-07,1,Category A,513,1075,61990
2014,2014-07,1,Category B,493,812,64889
2014,2014-07,1,Category C,392,653,43390
2014,2014-07,1,Category D,344,415,4001
2014,2014-07,1,Category E,294,441,63001
2014,2014-07,2,Category A,509,1190,62890
2014,2014-07,2,Category B,498,850,65001
2014,2014-07,2,Category C,391,779,52010
2014,2014-07,2,Category D,347,410,4252
2014,2014-07,2,Category E,319,483,65002
2014,2014-08,1,Category A,574,1086,64600
2014,2014-08,1,Category B,507,1090,68689
2014,2014-08,1,Category C,267,519,54009
2014,2014-08,1,Category D,316,360,4353
2014,2014-08,1,Category E,245,429,69001
2014,2014-08,2,Category A,575,994,65710
2014,2014-08,2,Category B,506,1137,72990
2014,2014-08,2,Category C,257,427,52390
2014,2014-08,2,Category D,322,361,4354
2014,2014-08,2,Category E,241,358,72810
2014,2014-09,1,Category A,572,813,64841
2014,2014-09,1,Category B,511,909,73010
2014,2014-09,1,Category C,258,429,49901
2014,2014-09,1,Category D,316,382,4453
2014,2014-09,1,Category E,241,385,74403
2014,2014-09,2,Category A,573,792,62000
2014,2014-09,2,Category B,509,785,71990
2014,2014-09,2,Category C,261,437,49889
2014,2014-09,2,Category D,320,394,4504
2014,2014-09,2,Category E,256,395,74801
2014,2014-10,1,Category A,575,1097,63880
2014,2014-10,1,Category B,505,852,72180
2014,2014-10,1,Category C,259,516,57389
2014,2014-10,1,Category D,316,502,4800
2014,2014-10,1,Category E,245,390,72003
2014,2014-10,2,Category A,572,1092,63990
2014,2014-10,2,Category B,507,822,72002
2014,2014-10,2,Category C,267,416,61000
2014,2014-10,2,Category D,317,431,4412
2014,2014-10,2,Category E,242,335,72201
2014,2014-11,1,Category A,703,1196,64900
2014,2014-11,1,Category B,574,832,70890
2014,2014-11,1,Category C,143,257,63701
2014,2014-11,1,Category D,316,380,4290
2014,2014-11,1,Category E,272,403,71300
2014,2014-11,2,Category A,701,1144,67889
2014,2014-11,2,Category B,570,900,72890
2014,2014-11,2,Category C,142,260,65001
2014,2014-11,2,Category D,324,389,4189
2014,2014-11,2,Category E,263,382,73900
2014,2014-12,1,Category A,709,996,67089
2014,2014-12,1,Category B,584,873,74389
2014,2014-12,1,Category C,141,196,60001
2014,2014-12,1,Category D,318,392,4210
2014,2014-12,1,Category E,265,370,76904
2014,2014-12,2,Category A,705,868,65889
2014,2014-12,2,Category B,579,755,74000
2014,2014-12,2,Category C,149,268,52100
2014,2014-12,2,Category D,319,367,4312
2014,2014-12,2,Category E,264,446,73990
2015,2015-01,1,Category A,704,940,66010
2015,2015-01,1,Category B,571,833,75289
2015,2015-01,1,Category C,156,296,55011
2015,2015-01,1,Category D,321,374,4403
2015,2015-01,1,Category E,272,386,75200
2015,2015-01,2,Category A,705,1068,65001
2015,2015-01,2,Category B,576,915,76889
2015,2015-01,2,Category C,140,247,55012
2015,2015-01,2,Category D,366,509,4889
2015,2015-01,2,Category E,264,431,76790
2015,2015-02,1,Category A,992,1295,62002
2015,2015-02,1,Category B,724,959,70890
2015,2015-02,1,Category C,185,311,52101
2015,2015-02,1,Category D,287,384,5504
2015,2015-02,1,Category E,181,288,71921
2015,2015-02,2,Category A,988,1294,57199
2015,2015-02,2,Category B,722,1037,66751
2015,2015-02,2,Category C,185,333,53202
2015,2015-02,2,Category D,291,396,5800
2015,2015-02,2,Category E,193,373,67901
2015,2015-03,1,Category A,987,2120,61410
2015,2015-03,1,Category B,723,1239,68668
2015,2015-03,1,Category C,186,315,56501
2015,2015-03,1,Category D,289,343,5501
2015,2015-03,1,Category E,175,322,70500
2015,2015-03,2,Category A,987,2251,64700
2015,2015-03,2,Category B,723,1354,71889
2015,2015-03,2,Category C,184,345,59999
2015,2015-03,2,Category D,286,385,5610
2015,2015-03,2,Category E,174,290,72100
2015,2015-04,1,Category A,988,2340,67749
2015,2015-04,1,Category B,722,1661,76612
2015,2015-04,1,Category C,188,290,64001
2015,2015-04,1,Category D,286,442,6312
2015,2015-04,1,Category E,187,311,78000
2015,2015-04,2,Category A,987,2055,67601
2015,2015-04,2,Category B,728,1525,78001
2015,2015-04,2,Category C,194,284,53001
2015,2015-04,2,Category D,285,376,6801
2015,2015-04,2,Category E,176,331,79500
2015,2015-05,1,Category A,1444,2891,68589
2015,2015-05,1,Category B,934,1631,77600
2015,2015-05,1,Category C,373,545,50098
2015,2015-05,1,Category D,334,462,6512
2015,2015-05,1,Category E,292,445,78004
2015,2015-05,2,Category A,1434,2351,66590
2015,2015-05,2,Category B,948,1401,75002
2015,2015-05,2,Category C,370,546,52001
2015,2015-05,2,Category D,334,433,6501
2015,2015-05,2,Category E,283,364,78001
2015,2015-06,1,Category A,1432,1943,66000
2015,2015-06,1,Category B,929,1384,75000
2015,2015-06,1,Category C,371,508,50900
2015,2015-06,1,Category D,339,430,6509
2015,2015-06,1,Category E,272,392,75801
2015,2015-06,2,Category A,1429,1766,61000
2015,2015-06,2,Category B,928,1144,71509
2015,2015-06,2,Category C,373,481,50502
2015,2015-06,2,Category D,363,448,6401
2015,2015-06,2,Category E,272,373,74501
2015,2015-07,1,Category A,1466,1891,58700
2015,2015-07,1,Category B,934,1225,65501
2015,2015-07,1,Category C,370,476,50001
2015,2015-07,1,Category D,330,425,6508
2015,2015-07,1,Category E,274,411,69001
2015,2015-07,2,Category A,1435,1966,55889
2015,2015-07,2,Category B,930,1218,58109
2015,2015-07,2,Category C,371,455,50002
2015,2015-07,2,Category D,331,486,6312
2015,2015-07,2,Category E,272,441,60101
2015,2015-08,1,Category A,1688,2446,56209
2015,2015-08,1,Category B,1057,1634,60789
2015,2015-08,1,Category C,183,263,49302
2015,2015-08,1,Category D,356,418,6201
2015,2015-08,1,Category E,363,607,57885
2015,2015-08,2,Category A,1756,2597,57498
2015,2015-08,2,Category B,1058,1551,62140
2015,2015-08,2,Category C,182,282,46501
2015,2015-08,2,Category D,366,527,6112
2015,2015-08,2,Category E,363,609,61001
2015,2015-09,1,Category A,1688,2553,57089
2015,2015-09,1,Category B,1059,1628,62101
2015,2015-09,1,Category C,182,371,46801
2015,2015-09,1,Category D,355,473,6512
2015,2015-09,1,Category E,363,580,61010
2015,2015-09,2,Category A,1687,2276,55399
2015,2015-09,2,Category B,1058,1371,60001
2015,2015-09,2,Category C,182,356,45289
2015,2015-09,2,Category D,402,509,6158
2015,2015-09,2,Category E,368,542,61300
2015,2015-10,1,Category A,1687,1583,56001
2015,2015-10,1,Category B,1057,1373,58190
2015,2015-10,1,Category C,182,331,44890
2015,2015-10,1,Category D,400,438,6201
2015,2015-10,1,Category E,366,582,58801
2015,2015-10,2,Category A,1690,2229,57301
2015,2015-10,2,Category B,1073,1367,59889
2015,2015-10,2,Category C,192,340,42303
2015,2015-10,2,Category D,355,430,6302
2015,2015-10,2,Category E,361,584,60000
2015,2015-11,1,Category A,1664,2009,56001
2015,2015-11,1,Category B,1037,1267,57501
2015,2015-11,1,Category C,241,372,43809
2015,2015-11,1,Category D,329,402,5912
2015,2015-11,1,Category E,367,505,60689
2015,2015-11,2,Category A,1662,2140,59200
2015,2015-11,2,Category B,1029,1388,61103
2015,2015-11,2,Category C,247,389,45890
2015,2015-11,2,Category D,329,436,6502
2015,2015-11,2,Category E,365,519,62019
2015,2015-12,1,Category A,1698,2132,56989
2015,2015-12,1,Category B,1031,1324,60001
2015,2015-12,1,Category C,241,345,48101
2015,2015-12,1,Category D,355,414,6501
2015,2015-12,1,Category E,364,495,60003
2015,2015-12,2,Category A,1669,1978,54301
2015,2015-12,2,Category B,1027,1200,55001
2015,2015-12,2,Category C,244,311,46001
2015,2015-12,2,Category D,332,394,6600
2015,2015-12,2,Category E,360,512,57501
2016,2016-01,1,Category A,1659,2013,45002
2016,2016-01,1,Category B,1027,1262,54920
2016,2016-01,1,Category C,246,353,42036
2016,2016-01,1,Category D,328,409,6889
2016,2016-01,1,Category E,362,498,55089
2016,2016-01,2,Category A,1659,3437,51301
2016,2016-01,2,Category B,1026,1334,50089
2016,2016-01,2,Category C,242,387,46502
2016,2016-01,2,Category D,327,415,6512
2016,2016-01,2,Category E,360,713,51000
2016,2016-01,3,Category E,400,511,34401
2016,2016-02,1,Category A,2038,2972,46651
2016,2016-02,1,Category B,1216,1624,38610
2016,2016-02,1,Category C,164,229,45036
2016,2016-02,1,Category D,368,495,6503
2016,2016-02,1,Category E,446,824,44001
2016,2016-02,2,Category A,2049,2965,43000
2016,2016-02,2,Category B,1208,2898,46970
2016,2016-02,2,Category C,165,239,45001
2016,2016-02,2,Category D,362,454,6353
2016,2016-02,2,Category E,456,873,45009
2016,2016-03,1,Category A,2033,3518,45000
2016,2016-03,1,Category B,1209,2706,47604
2016,2016-03,1,Category C,162,259,48890
2016,2016-03,1,Category D,357,430,6503
2016,2016-03,1,Category E,449,951,48002
2016,2016-03,2,Category A,2053,3836,45504
2016,2016-03,2,Category B,1220,2491,46502
2016,2016-03,2,Category C,167,226,46502
2016,2016-03,2,Category D,357,429,6589
2016,2016-03,2,Category E,452,912,46667
2016,2016-04,1,Category A,2105,3719,46009
2016,2016-04,1,Category B,1218,2247,47000
2016,2016-04,1,Category C,164,235,44213
2016,2016-04,1,Category D,357,455,6503
2016,2016-04,1,Category E,583,1397,47510
2016,2016-04,2,Category A,2062,3327,47300
2016,2016-04,2,Category B,1211,2364,49602
2016,2016-04,2,Category C,163,241,43002
2016,2016-04,2,Category D,357,437,6501
2016,2016-04,2,Category E,453,834,49501
2016,2016-05,1,Category A,2218,3446,47889
2016,2016-05,1,Category B,1462,2435,51010
2016,2016-05,1,Category C,232,324,42302
2016,2016-05,1,Category D,399,519,6302
2016,2016-05,1,Category E,750,1380,49000
2016,2016-05,2,Category A,2217,3227,47020
2016,2016-05,2,Category B,1537,2322,49156
2016,2016-05,2,Category C,229,355,43002
2016,2016-05,2,Category D,414,500,6303
2016,2016-05,2,Category E,534,815,49700
2016,2016-06,1,Category A,2218,4545,53694
2016,2016-06,1,Category B,1470,3436,56000
2016,2016-06,1,Category C,228,347,46434
2016,2016-06,1,Category D,407,529,6302
2016,2016-06,1,Category E,536,860,55100
2016,2016-06,2,Category A,2252,3957,55200
2016,2016-06,2,Category B,1463,2914,57010
2016,2016-06,2,Category C,228,342,48002
2016,2016-06,2,Category D,422,495,6303
2016,2016-06,2,Category E,538,1009,57390
2016,2016-07,1,Category A,2222,3194,52301
2016,2016-07,1,Category B,1469,2547,56089
2016,2016-07,1,Category C,237,310,47889
2016,2016-07,1,Category D,409,525,6012
2016,2016-07,1,Category E,517,750,56002
2016,2016-07,2,Category A,2272,3195,53000
2016,2016-07,2,Category B,1463,2439,57508
2016,2016-07,2,Category C,230,344,49890
2016,2016-07,2,Category D,430,586,6302
2016,2016-07,2,Category E,521,821,57501
2016,2016-08,1,Category A,2018,2712,52503
2016,2016-08,1,Category B,1336,2156,57903
2016,2016-08,1,Category C,177,245,48302
2016,2016-08,1,Category D,403,558,6206
2016,2016-08,1,Category E,429,610,58201
2016,2016-08,2,Category A,2034,2803,53334
2016,2016-08,2,Category B,1336,2088,56500
2016,2016-08,2,Category C,180,236,48001
2016,2016-08,2,Category D,365,541,6352
2016,2016-08,2,Category E,450,618,56956
2016,2016-09,1,Category A,2067,2739,51506
2016,2016-09,1,Category B,1372,2183,57002
2016,2016-09,1,Category C,175,260,49801
2016,2016-09,1,Category D,362,521,6452
2016,2016-09,1,Category E,458,723,1
2016,2016-09,2,Category A,2008,2610,50000
2016,2016-09,2,Category B,1338,2017,55501
2016,2016-09,2,Category C,177,237,49890
2016,2016-09,2,Category D,403,478,6501
2016,2016-09,2,Category E,429,592,55201
2016,2016-10,1,Category A,2064,2938,51507
2016,2016-10,1,Category B,1350,1785,53001
2016,2016-10,1,Category C,176,232,48702
2016,2016-10,1,Category D,387,498,6353
2016,2016-10,1,Category E,436,642,54200
2016,2016-10,2,Category A,2023,2584,50991
2016,2016-10,2,Category B,1340,1768,56410
2016,2016-10,2,Category C,188,252,45589
2016,2016-10,2,Category D,360,430,6354
2016,2016-10,2,Category E,429,678,56340
2016,2016-11,1,Category A,1929,2800,52668
2016,2016-11,1,Category B,1347,2012,56206
2016,2016-11,1,Category C,185,283,48001
2016,2016-11,1,Category D,399,457,6311
2016,2016-11,1,Category E,401,641,56000
2016,2016-11,2,Category A,1846,2536,50951
2016,2016-11,2,Category B,1254,1708,53001
2016,2016-11,2,Category C,182,286,49002
2016,2016-11,2,Category D,375,520,6212
2016,2016-11,2,Category E,401,531,54901
2016,2016-12,1,Category A,1844,2335,48000
2016,2016-12,1,Category B,1245,1494,46229
2016,2016-12,1,Category C,185,262,51209
2016,2016-12,1,Category D,374,436,6113
2016,2016-12,1,Category E,413,643,50010
2016,2016-12,2,Category A,1844,2554,49751
2016,2016-12,2,Category B,1244,2052,51109
2016,2016-12,2,Category C,182,274,49500
2016,2016-12,2,Category D,415,484,6101
2016,2016-12,2,Category E,404,668,50389
2017,2017-01,1,Category A,1877,2260,50101
2017,2017-01,1,Category B,1252,1835,53106
2017,2017-01,1,Category C,183,271,46302
2017,2017-01,1,Category D,376,438,6053
2017,2017-01,1,Category E,401,648,53001
2017,2017-01,2,Category A,1846,2437,50889
2017,2017-01,2,Category B,1246,1967,52807
2017,2017-01,2,Category C,186,254,47001
2017,2017-01,2,Category D,377,412,6052
2017,2017-01,2,Category E,400,662,52600
2017,2017-02,1,Category A,2060,2691,48401
2017,2017-02,1,Category B,1366,1783,48209
2017,2017-02,1,Category C,164,268,48901
2017,2017-02,1,Category D,348,534,6412
2017,2017-02,1,Category E,488,805,48556
2017,2017-02,2,Category A,2133,2926,49430
2017,2017-02,2,Category B,1377,2126,50621
2017,2017-02,2,Category C,174,249,49810
2017,2017-02,2,Category D,392,753,6801
2017,2017-02,2,Category E,500,800,51000
2017,2017-03,1,Category A,2061,3190,50789
2017,2017-03,1,Category B,1371,2298,53300
2017,2017-03,1,Category C,170,216,49002
2017,2017-03,1,Category D,368,546,7483
2017,2017-03,1,Category E,482,763,53001
2017,2017-03,2,Category A,2096,2961,51765
2017,2017-03,2,Category B,1357,2081,54000
2017,2017-03,2,Category C,164,251,47036
2017,2017-03,2,Category D,355,453,8081
2017,2017-03,2,Category E,499,783,54501
2017,2017-04,1,Category A,2068,2486,52000
2017,2017-04,1,Category B,1360,1970,54405
2017,2017-04,1,Category C,162,351,45906
2017,2017-04,1,Category D,355,482,7589
2017,2017-04,1,Category E,486,748,54556
2017,2017-04,2,Category A,2052,2442,51600
2017,2017-04,2,Category B,1369,2000,54406
2017,2017-04,2,Category C,163,509,26501
2017,2017-04,2,Category D,347,512,6712
2017,2017-04,2,Category E,482,712,54616
2017,2017-05,1,Category A,1905,2240,51106
2017,2017-05,1,Category B,1320,1996,55414
2017,2017-05,1,Category C,1084,2586,26029
2017,2017-05,1,Category D,455,567,6301
2017,2017-05,1,Category E,529,755,55000
2017,2017-05,2,Category A,1920,2601,46489
2017,2017-05,2,Category B,1325,1725,53001
2017,2017-05,2,Category C,1085,2492,30600
2017,2017-05,2,Category D,476,602,6101
2017,2017-05,2,Category E,532,731,52000
2017,2017-06,1,Category A,1898,2245,45201
2017,2017-06,1,Category B,1325,1582,50110
2017,2017-06,1,Category C,1091,2309,38501
2017,2017-06,1,Category D,476,743,6101
2017,2017-06,1,Category E,528,878,50526
2017,2017-06,2,Category A,1906,2302,42801
2017,2017-06,2,Category B,1321,1651,47501
2017,2017-06,2,Category C,1086,2125,36879
2017,2017-06,2,Category D,459,931,6001
2017,2017-06,2,Category E,553,925,48001
2017,2017-07,1,Category A,1904,2296,42801
2017,2017-07,1,Category B,1322,1910,49802
2017,2017-07,1,Category C,1088,2189,40212
2017,2017-07,1,Category D,474,819,6001
2017,2017-07,1,Category E,528,872,49899
2017,2017-07,2,Category A,1907,2389,44002
2017,2017-07,2,Category B,1322,1784,50001
2017,2017-07,2,Category C,1085,1943,42809
2017,2017-07,2,Category D,552,1044,5851
2017,2017-07,2,Category E,562,941,50101
2017,2017-08,1,Category A,1817,2403,46778
2017,2017-08,1,Category B,1286,1978,53711
2017,2017-08,1,Category C,454,742,42801
2017,2017-08,1,Category D,574,879,5701
2017,2017-08,1,Category E,547,822,52751
2017,2017-08,2,Category A,1817,2148,42900
2017,2017-08,2,Category B,1293,1683,51000
2017,2017-08,2,Category C,445,836,42004
2017,2017-08,2,Category D,605,1069,3512
2017,2017-08,2,Category E,586,781,50000
2017,2017-09,1,Category A,1820,2195,36001
2017,2017-09,1,Category B,1290,1704,49000
2017,2017-09,1,Category C,453,695,43002
2017,2017-09,1,Category D,543,871,5402
2017,2017-09,1,Category E,543,805,48005
2017,2017-09,2,Category A,1815,3469,42902
2017,2017-09,2,Category B,1288,1859,49189
2017,2017-09,2,Category C,453,706,46890
2017,2017-09,2,Category D,494,727,5501
2017,2017-09,2,Category E,565,905,49012
2017,2017-10,1,Category A,1829,2808,41761
2017,2017-10,1,Category B,1285,1646,48109
2017,2017-10,1,Category C,492,723,48902
2017,2017-10,1,Category D,485,721,5010
2017,2017-10,1,Category E,540,869,49000
2017,2017-10,2,Category A,1815,2391,41617
2017,2017-10,2,Category B,1285,1718,49996
2017,2017-10,2,Category C,445,611,51890
2017,2017-10,2,Category D,478,687,4903
2017,2017-10,2,Category E,542,809,52000
2017,2017-11,1,Category A,1683,3430,47112
2017,2017-11,1,Category B,1376,2515,57414
2017,2017-11,1,Category C,242,375,58036
2017,2017-11,1,Category D,509,683,5502
2017,2017-11,1,Category E,524,867,57000
2017,2017-11,2,Category A,1686,2721,46791
2017,2017-11,2,Category B,1383,2173,57390
2017,2017-11,2,Category C,244,356,57701
2017,2017-11,2,Category D,538,708,5992
2017,2017-11,2,Category E,516,844,57501
2017,2017-12,1,Category A,1680,2158,42339
2017,2017-12,1,Category B,1375,1805,53711
2017,2017-12,1,Category C,285,454,42000
2017,2017-12,1,Category D,516,791,6552
2017,2017-12,1,Category E,542,831,54334
2017,2017-12,2,Category A,1687,1970,38200
2017,2017-12,2,Category B,1374,1634,47002
2017,2017-12,2,Category C,246,482,45112
2017,2017-12,2,Category D,514,743,7501
2017,2017-12,2,Category E,531,1003,48011
2018,2018-01,1,Category A,1693,2264,41400
2018,2018-01,1,Category B,1374,1811,45289
2018,2018-01,1,Category C,249,458,40101
2018,2018-01,1,Category D,525,919,7701
2018,2018-01,1,Category E,518,923,47390
2018,2018-01,2,Category A,1713,1938,36890
2018,2018-01,2,Category B,1381,1654,42661
2018,2018-01,2,Category C,257,399,39000
2018,2018-01,2,Category D,565,786,8001
2018,2018-01,2,Category E,515,817,44000
2018,2018-02,1,Category A,1557,2389,40000
2018,2018-02,1,Category B,1396,1831,42322
2018,2018-02,1,Category C,249,486,38303
2018,2018-02,1,Category D,624,933,8451
2018,2018-02,1,Category E,566,790,39903
2018,2018-02,2,Category A,1562,2073,36810
2018,2018-02,2,Category B,1391,1744,39000
2018,2018-02,2,Category C,257,489,36859
2018,2018-02,2,Category D,577,1073,7667
2018,2018-02,2,Category E,586,1216,38801
2018,2018-03,1,Category A,1580,2405,38830
2018,2018-03,1,Category B,1390,1731,39001
2018,2018-03,1,Category C,247,446,36003
2018,2018-03,1,Category D,528,885,8009
2018,2018-03,1,Category E,571,967,39000
2018,2018-03,2,Category A,1559,2117,38000
2018,2018-03,2,Category B,1402,1639,37010
2018,2018-03,2,Category C,247,378,35001
2018,2018-03,2,Category D,522,803,7602
2018,2018-03,2,Category E,571,977,38000
2018,2018-04,1,Category A,1566,1888,37000
2018,2018-04,1,Category B,1389,1689,37605
2018,2018-04,1,Category C,292,500,34001
2018,2018-04,1,Category D,516,953,7114
2018,2018-04,1,Category E,612,967,38039
2018,2018-04,2,Category A,1566,2027,38510
2018,2018-04,2,Category B,1417,1919,37330
2018,2018-04,2,Category C,260,461,34202
2018,2018-04,2,Category D,518,727,7115
2018,2018-04,2,Category E,573,1027,38389
2018,2018-05,1,Category A,1435,1836,38941
2018,2018-05,1,Category B,1280,2155,38501
2018,2018-05,1,Category C,308,611,33190
2018,2018-05,1,Category D,560,1171,7204
2018,2018-05,1,Category E,565,1008,38600
2018,2018-05,2,Category A,1434,1805,38001
2018,2018-05,2,Category B,1283,1915,37989
2018,2018-05,2,Category C,385,786,29901
2018,2018-05,2,Category D,529,898,7115
2018,2018-05,2,Category E,558,836,38700
2018,2018-06,1,Category A,1441,1696,36426
2018,2018-06,1,Category B,1293,1727,36000
2018,2018-06,1,Category C,425,685,29902
2018,2018-06,1,Category D,572,828,7001
2018,2018-06,1,Category E,559,927,37000
2018,2018-06,2,Category A,1446,1818,34110
2018,2018-06,2,Category B,1316,1729,33900
2018,2018-06,2,Category C,308,548,32001
2018,2018-06,2,Category D,527,771,6889
2018,2018-06,2,Category E,581,868,34400
2018,2018-07,1,Category A,1435,1626,25000
2018,2018-07,1,Category B,1288,1637,31000
2018,2018-07,1,Category C,313,535,31092
2018,2018-07,1,Category D,612,807,6514
2018,2018-07,1,Category E,591,975,31001
2018,2018-07,2,Category A,1443,3100,32699
2018,2018-07,2,Category B,1285,1919,32551
2018,2018-07,2,Category C,320,538,30889
2018,2018-07,2,Category D,537,772,6189
2018,2018-07,2,Category E,558,1082,32809
2018,2018-08,1,Category A,1672,3633,33798
2018,2018-08,1,Category B,1265,2132,34381
2018,2018-08,1,Category C,379,549,30389
2018,2018-08,1,Category D,845,1208,5514
2018,2018-08,1,Category E,536,896,33420
2018,2018-08,2,Category A,1695,2948,31997
2018,2018-08,2,Category B,1272,2031,32429
2018,2018-08,2,Category C,409,635,29902
2018,2018-08,2,Category D,824,1176,4889
2018,2018-08,2,Category E,527,927,32311
2018,2018-09,1,Category A,1664,2488,30209
2018,2018-09,1,Category B,1274,1959,32001
2018,2018-09,1,Category C,386,612,27001
2018,2018-09,1,Category D,874,1213,4390
2018,2018-09,1,Category E,540,1006,31801
2018,2018-09,2,Category A,1664,2059,28000
2018,2018-09,2,Category B,1278,1859,31307
2018,2018-09,2,Category C,542,921,27104
2018,2018-09,2,Category D,821,1098,4214
2018,2018-09,2,Category E,530,928,32000
2018,2018-10,1,Category A,1668,2059,28457
2018,2018-10,1,Category B,1271,1886,31301
2018,2018-10,1,Category C,342,522,28501
2018,2018-10,1,Category D,827,1140,4109
2018,2018-10,1,Category E,561,1066,32552
2018,2018-10,2,Category A,1674,1811,25556
2018,2018-10,2,Category B,1273,1856,31302
2018,2018-10,2,Category C,350,470,29501
2018,2018-10,2,Category D,819,1201,3951
2018,2018-10,2,Category E,539,779,32900
2018,2018-11,1,Category A,1819,1616,28199
2018,2018-11,1,Category B,1265,2142,32302
2018,2018-11,1,Category C,332,460,29501
2018,2018-11,1,Category D,1121,1543,2509
2018,2018-11,1,Category E,557,862,32000
2018,2018-11,2,Category A,1818,2231,25000
2018,2018-11,2,Category B,1241,1786,31101
2018,2018-11,2,Category C,331,580,27509
2018,2018-11,2,Category D,1103,1423,2989
2018,2018-11,2,Category E,552,930,30959
2018,2018-12,1,Category A,1878,2177,23568
2018,2018-12,1,Category B,1239,1780,31001
2018,2018-12,1,Category C,329,489,27009
2018,2018-12,1,Category D,1121,1483,3399
2018,2018-12,1,Category E,552,1021,30851
2018,2018-12,2,Category A,1890,2729,25501
2018,2018-12,2,Category B,1243,1804,31001
2018,2018-12,2,Category C,333,503,27001
2018,2018-12,2,Category D,1114,1375,3789
2018,2018-12,2,Category E,545,778,31809
2019,2019-01,1,Category A,1815,2707,25920
2019,2019-01,1,Category B,1245,1818,32200
2019,2019-01,1,Category C,330,472,27002
2019,2019-01,1,Category D,1112,1396,3610
2019,2019-01,1,Category E,546,776,32909
2019,2019-01,2,Category A,1818,2864,26170
2019,2019-01,2,Category B,1244,2119,33989
2019,2019-01,2,Category C,344,537,26230
2019,2019-01,2,Category D,1104,1473,2889
2019,2019-01,2,Category E,540,797,33689
2019,2019-02,1,Category A,1662,2371,25689
2019,2019-02,1,Category B,1202,1937,34509
2019,2019-02,1,Category C,326,466,26378
2019,2019-02,1,Category D,834,1164,3709
2019,2019-02,1,Category E,403,545,35310
2019,2019-02,2,Category A,1650,2261,26301
2019,2019-02,2,Category B,1214,1993,35403
2019,2019-02,2,Category C,306,433,26914
2019,2019-02,2,Category D,826,1100,3689
2019,2019-02,2,Category E,407,658,36667
2019,2019-03,1,Category A,1659,2213,26309
2019,2019-03,1,Category B,1233,1903,36961
2019,2019-03,1,Category C,306,443,27010
2019,2019-03,1,Category D,825,1175,3602
2019,2019-03,1,Category E,408,689,37620
2019,2019-03,2,Category A,1650,2204,26659
2019,2019-03,2,Category B,1201,1878,39401
2019,2019-03,2,Category C,304,411,27021
2019,2019-03,2,Category D,834,1039,3469
2019,2019-03,2,Category E,397,730,41000
2019,2019-04,1,Category A,1656,2338,29159
2019,2019-04,1,Category B,1202,1782,43102
2019,2019-04,1,Category C,309,431,27589
2019,2019-04,1,Category D,829,1193,3501
2019,2019-04,1,Category E,400,648,48209
2019,2019-04,2,Category A,1653,2249,33199
2019,2019-04,2,Category B,1205,1634,48000
2019,2019-04,2,Category C,304,560,32001
2019,2019-04,2,Category D,835,1129,3452
2019,2019-04,2,Category E,398,667,52410
2019,2019-05,1,Category A,1431,1988,36704
2019,2019-05,1,Category B,1139,1360,48010
2019,2019-05,1,Category C,394,610,28559
2019,2019-05,1,Category D,923,1154,3352
2019,2019-05,1,Category E,384,513,52502
2019,2019-05,2,Category A,1475,1799,27000
2019,2019-05,2,Category B,1163,1407,42564
2019,2019-05,2,Category C,409,600,27400
2019,2019-05,2,Category D,898,1193,3202
2019,2019-05,2,Category E,382,626,47000
2019,2019-06,1,Category A,1424,1902,30009
2019,2019-06,1,Category B,1139,1346,39728
2019,2019-06,1,Category C,389,535,25502
2019,2019-06,1,Category D,925,1149,3090
2019,2019-06,1,Category E,380,724,42002
2019,2019-06,2,Category A,1424,1742,26999
2019,2019-06,2,Category B,1141,1418,35906
2019,2019-06,2,Category C,393,607,25501
2019,2019-06,2,Category D,909,1187,3000
2019,2019-06,2,Category E,381,536,39400
2019,2019-07,1,Category A,1431,1795,28589
2019,2019-07,1,Category B,1141,1390,34000
2019,2019-07,1,Category C,390,649,25089
2019,2019-07,1,Category D,902,1141,3081
2019,2019-07,1,Category E,379,523,36901
2019,2019-07,2,Category A,1623,1902,26667
2019,2019-07,2,Category B,1143,1677,39406
2019,2019-07,2,Category C,393,657,24599
2019,2019-07,2,Category D,900,1193,3554
2019,2019-07,2,Category E,375,751,39889
2019,2019-08,1,Category A,1059,2023,32725
2019,2019-08,1,Category B,1047,1487,40001
2019,2019-08,1,Category C,292,492,27800
2019,2019-08,1,Category D,751,1040,4400
2019,2019-08,1,Category E,357,589,40512
2019,2019-08,2,Category A,1062,1725,31917
2019,2019-08,2,Category B,1045,1415,38602
2019,2019-08,2,Category C,283,446,26501
2019,2019-08,2,Category D,742,1010,4301
2019,2019-08,2,Category E,363,593,40002
2019,2019-09,1,Category A,1056,1656,31783
2019,2019-09,1,Category B,1046,1289,36001
2019,2019-09,1,Category C,302,446,25502
2019,2019-09,1,Category D,739,1086,4089
2019,2019-09,1,Category E,359,552,37912
2019,2019-09,2,Category A,1056,1453,31759
2019,2019-09,2,Category B,1044,1418,37000
2019,2019-09,2,Category C,283,544,25556
2019,2019-09,2,Category D,907,1197,3601
2019,2019-09,2,Category E,365,632,40000
2019,2019-10,1,Category A,1057,1659,34001
2019,2019-10,1,Category B,1048,1559,41361
2019,2019-10,1,Category C,286,522,26509
2019,2019-10,1,Category D,765,1036,3800
2019,2019-10,1,Category E,364,601,41001
2019,2019-10,2,Category A,1060,1467,32309
2019,2019-10,2,Category B,1044,1503,41805
2019,2019-10,2,Category C,284,439,26001
2019,2019-10,2,Category D,753,989,3889
2019,2019-10,2,Category E,369,506,42020
2019,2019-11,1,Category A,1043,1302,30000
2019,2019-11,1,Category B,1017,1296,40009
2019,2019-11,1,Category C,318,440,25392
2019,2019-11,1,Category D,693,831,1
2019,2019-11,1,Category E,383,587,40101
2019,2019-11,2,Category A,1023,1468,32000
2019,2019-11,2,Category B,1019,1331,39700
2019,2019-11,2,Category C,322,495,24502
2019,2019-11,2,Category D,698,974,3921
2019,2019-11,2,Category E,390,540,40889
2019,2019-12,1,Category A,1030,1386,33009
2019,2019-12,1,Category B,1013,1265,37900
2019,2019-12,1,Category C,318,402,23704
2019,2019-12,1,Category D,693,908,3789
2019,2019-12,1,Category E,384,518,38889
2019,2019-12,2,Category A,1029,1256,32889
2019,2019-12,2,Category B,1015,1251,36000
2019,2019-12,2,Category C,318,441,23200
2019,2019-12,2,Category D,697,850,3658
2019,2019-12,2,Category E,384,496,37989
2020,2020-01,1,Category A,1035,1450,35320
2020,2020-01,1,Category B,1022,1229,37109
2020,2020-01,1,Category C,321,457,24402
2020,2020-01,1,Category D,707,1084,3989
2020,2020-01,1,Category E,384,541,38000
2020,2020-01,2,Category A,1034,1390,35010
2020,2020-01,2,Category B,1012,1157,37705
2020,2020-01,2,Category C,329,504,25001
2020,2020-01,2,Category D,693,936,4610
2020,2020-01,2,Category E,388,528,37500
2020,2020-02,1,Category A,982,1204,30010
2020,2020-02,1,Category B,984,1173,30890
2020,2020-02,1,Category C,314,504,25013
2020,2020-02,1,Category D,578,821,4401
2020,2020-02,1,Category E,335,525,34900
2020,2020-02,2,Category A,982,1564,32999
2020,2020-02,2,Category B,987,1459,32889
2020,2020-02,2,Category C,352,561,25001
2020,2020-02,2,Category D,577,729,4309
2020,2020-02,2,Category E,328,550,33301
2020,2020-03,1,Category A,978,1436,32699
2020,2020-03,1,Category B,987,1347,32801
2020,2020-03,1,Category C,315,504,24202
2020,2020-03,1,Category D,593,785,4310
2020,2020-03,1,Category E,333,512,32500
2020,2020-03,2,Category A,982,1421,31210
2020,2020-03,2,Category B,992,1366,30012
2020,2020-03,2,Category C,448,708,22002
2020,2020-03,2,Category D,581,757,4489
2020,2020-03,2,Category E,331,503,32500
2020,2020-07,1,Category A,1289,3061,33520
2020,2020-07,1,Category B,1291,3160,35889
2020,2020-07,1,Category C,489,866,24502
2020,2020-07,1,Category D,869,1611,7702
2020,2020-07,1,Category E,444,937,34989
2020,2020-07,2,Category A,1304,2485,32699
2020,2020-07,2,Category B,1339,2497,35001
2020,2020-07,2,Category C,489,759,23888
2020,2020-07,2,Category D,869,1355,6510
2020,2020-07,2,Category E,448,714,35001
2020,2020-08,1,Category A,1022,2047,33000
2020,2020-08,1,Category B,932,1985,37102
2020,2020-08,1,Category C,358,658,24100
2020,2020-08,1,Category D,503,720,7701
2020,2020-08,1,Category E,472,784,36502
2020,2020-08,2,Category A,1034,2099,35710
2020,2020-08,2,Category B,923,1727,38802
2020,2020-08,2,Category C,357,586,25006
2020,2020-08,2,Category D,495,797,7432
2020,2020-08,2,Category E,474,764,38110
2020,2020-09,1,Category A,1035,1737,37766
2020,2020-09,1,Category B,904,1715,41510
2020,2020-09,1,Category C,354,525,26644
2020,2020-09,1,Category D,496,691,7399
2020,2020-09,1,Category E,470,672,40790
2020,2020-09,2,Category A,1034,1540,38504
2020,2020-09,2,Category B,912,1497,40989
2020,2020-09,2,Category C,351,591,28589
2020,2020-09,2,Category D,494,642,7331
2020,2020-09,2,Category E,471,671,41001
2020,2020-10,1,Category A,912,1272,36534
2020,2020-10,1,Category B,805,1218,40690
2020,2020-10,1,Category C,316,587,33089
2020,2020-10,1,Category D,429,677,7451
2020,2020-10,1,Category E,427,688,40301
2020,2020-10,2,Category A,916,1323,37334
2020,2020-10,2,Category B,793,1272,40990
2020,2020-10,2,Category C,316,538,33778
2020,2020-10,2,Category D,423,560,7300
2020,2020-10,2,Category E,430,672,39889
2020,2020-11,1,Category A,967,1262,35990
2020,2020-11,1,Category B,1013,1415,39000
2020,2020-11,1,Category C,370,558,31502
2020,2020-11,1,Category D,533,727,7251
2020,2020-11,1,Category E,464,683,39500
2020,2020-11,2,Category A,972,1361,37690
2020,2020-11,2,Category B,1007,1559,41101
2020,2020-11,2,Category C,369,597,30334
2020,2020-11,2,Category D,537,679,7300
2020,2020-11,2,Category E,520,803,41503
2020,2020-12,1,Category A,978,1620,40714
2020,2020-12,1,Category B,1035,1712,45012
2020,2020-12,1,Category C,368,599,32889
2020,2020-12,1,Category D,526,767,7670
2020,2020-12,1,Category E,464,722,45510
2020,2020-12,2,Category A,969,1403,40556
2020,2020-12,2,Category B,1009,1631,49300
2020,2020-12,2,Category C,369,640,35201
2020,2020-12,2,Category D,530,710,7689
2020,2020-12,2,Category E,471,688,49500
2021,2021-01,1,Category A,-963,1280,40609
2021,2021-01,1,Category B,1023,1396,49001
2021,2021-01,1,Category C,372,679,35900
2021,2021-01,1,Category D,529,692,7501
2021,2021-01,1,Category E,467,758,49489
2021,2021-01,2,Category A,966,1309,43501
2021,2021-01,2,Category B,1018,1338,50100
2021,2021-01,2,Category C,381,671,40999
2021,2021-01,2,Category D,548,706,7589
2021,2021-01,2,Category E,466,705,51900
2021,2021-02,1,Category A,885,1098,42000
2021,2021-02,1,Category B,943,1107,46790
2021,2021-02,1,Category C,276,510,45001
2021,2021-02,1,Category D,572,705,7506
2021,2021-02,1,Category E,300,435,49778
2021,2021-02,2,Category A,903,1226,41001
2021,2021-02,2,Category B,942,1168,46002
2021,2021-02,2,Category C,259,424,40890
2021,2021-02,2,Category D,554,715,7500
2021,2021-02,2,Category E,304,503,47506
2021,2021-03,1,Category A,887,1175,41996
2021,2021-03,1,Category B,942,1121,45001
2021,2021-03,1,Category C,255,480,37513
2021,2021-03,1,Category D,542,707,7752
2021,2021-03,1,Category E,296,450,47001
2021,2021-03,2,Category A,886,1186,44589
2021,2021-03,2,Category B,946,1222,47001
2021,2021-03,2,Category C,292,507,39589
2021,2021-03,2,Category D,542,700,7791
2021,2021-03,2,Category E,298,430,47806
2021,2021-04,1,Category A,883,1212,45600
2021,2021-04,1,Category B,958,1524,52309
2021,2021-04,1,Category C,263,488,36134
2021,2021-04,1,Category D,560,735,8000
2021,2021-04,1,Category E,296,635,52200
2021,2021-04,2,Category A,890,1290,49640
2021,2021-04,2,Category B,956,1585,61190
2021,2021-04,2,Category C,262,441,44001
2021,2021-04,2,Category D,546,734,8000
2021,2021-04,2,Category E,303,633,62100
2021,2021-05,1,Category A,832,1100,48002
2021,2021-05,1,Category B,819,1244,60001
2021,2021-05,1,Category C,157,261,43001
2021,2021-05,1,Category D,650,901,8011
2021,2021-05,1,Category E,268,387,63002
2021,2021-05,2,Category A,835,1209,41801
2021,2021-05,2,Category B,817,1089,58089
2021,2021-05,2,Category C,164,315,41701
2021,2021-05,2,Category D,628,904,8701
2021,2021-05,2,Category E,266,400,62000
2021,2021-06,1,Category A,858,1439,48510
2021,2021-06,1,Category B,815,1107,60109
2021,2021-06,1,Category C,195,413,37002
2021,2021-06,1,Category D,626,776,8703
2021,2021-06,1,Category E,259,331,61112
2021,2021-06,2,Category A,830,1178,47821
2021,2021-06,2,Category B,809,983,56032
2021,2021-06,2,Category C,238,478,37000
2021,2021-06,2,Category D,618,864,8501
2021,2021-06,2,Category E,265,519,58001
2021,2021-07,1,Category A,867,1149,45001
2021,2021-07,1,Category B,840,1087,56100
2021,2021-07,1,Category C,162,340,38900
2021,2021-07,1,Category D,616,760,8502
2021,2021-07,1,Category E,259,416,57700
2021,2021-07,2,Category A,836,1240,47010
2021,2021-07,2,Category B,819,1107,59501
2021,2021-07,2,Category C,166,337,39523
2021,2021-07,2,Category D,655,863,8689
2021,2021-07,2,Category E,267,408,60001
2021,2021-08,1,Category A,805,1021,45189
2021,2021-08,1,Category B,771,980,56001
2021,2021-08,1,Category C,118,233,42589
2021,2021-08,1,Category D,449,667,8899
2021,2021-08,1,Category E,199,288,59599
2021,2021-08,2,Category A,806,1127,46689
2021,2021-08,2,Category B,794,1065,61001
2021,2021-08,2,Category C,118,220,40010
2021,2021-08,2,Category D,451,635,9500
2021,2021-08,2,Category E,198,408,64901
2021,2021-09,1,Category A,804,1124,47000
2021,2021-09,1,Category B,791,1080,62600
2021,2021-09,1,Category C,122,211,40001
2021,2021-09,1,Category D,445,562,9689
2021,2021-09,1,Category E,206,319,64700
2021,2021-09,2,Category A,803,1040,48000
2021,2021-09,2,Category B,772,1189,68310
2021,2021-09,2,Category C,120,203,39000
2021,2021-09,2,Category D,449,658,9089
2021,2021-09,2,Category E,198,400,70002
2021,2021-10,1,Category A,816,1077,47001
2021,2021-10,1,Category B,774,1130,70200
2021,2021-10,1,Category C,125,233,38890
2021,2021-10,1,Category D,444,633,9052
2021,2021-10,1,Category E,214,442,72756
2021,2021-10,2,Category A,811,1304,52709
2021,2021-10,2,Category B,774,1240,80210
2021,2021-10,2,Category C,126,252,40501
2021,2021-10,2,Category D,450,597,9310
2021,2021-10,2,Category E,210,391,85000
2021,2021-11,1,Category A,536,834,53709
2021,2021-11,1,Category B,587,839,82801
2021,2021-11,1,Category C,92,173,42001
2021,2021-11,1,Category D,417,543,9381
2021,2021-11,1,Category E,159,257,88000
2021,2021-11,2,Category A,537,706,55001
2021,2021-11,2,Category B,594,797,79601
2021,2021-11,2,Category C,91,164,43502
2021,2021-11,2,Category D,412,557,9381
2021,2021-11,2,Category E,164,253,86001
2021,2021-12,1,Category A,536,771,57010
2021,2021-12,1,Category B,593,822,80401
2021,2021-12,1,Category C,93,147,45000
2021,2021-12,1,Category D,420,584,9401
2021,2021-12,1,Category E,149,245,85000
2021,2021-12,2,Category A,534,740,58801
2021,2021-12,2,Category B,595,829,80989
2021,2021-12,2,Category C,90,150,44000
2021,2021-12,2,Category D,426,562,9601
2021,2021-12,2,Category E,177,241,83889
2022,2022-01,1,Category A,543,760,57599
2022,2022-01,1,Category B,587,712,77700
2022,2022-01,1,Category C,90,198,42200
2022,2022-01,1,Category D,431,573,9689
2022,2022-01,1,Category E,149,193,82501
2022,2022-01,2,Category A,531,711,57898
2022,2022-01,2,Category B,592,907,82001
2022,2022-01,2,Category C,91,149,43001
2022,2022-01,2,Category D,416,520,10000
2022,2022-01,2,Category E,145,226,83911
2022,2022-02,1,Category A,542,819,60761
2022,2022-02,1,Category B,550,865,86102
2022,2022-02,1,Category C,80,149,44001
2022,2022-02,1,Category D,406,555,10010
2022,2022-02,1,Category E,180,269,87000
2022,2022-02,2,Category A,536,876,63000
2022,2022-02,2,Category B,559,939,93590
2022,2022-02,2,Category C,76,194,46501
2022,2022-02,2,Category D,420,521,10589
2022,2022-02,2,Category E,180,300,93102
2022,2022-03,1,Category A,531,962,68501
2022,2022-03,1,Category B,551,860,94889
2022,2022-03,1,Category C,76,199,48889
2022,2022-03,1,Category D,405,602,11400
2022,2022-03,1,Category E,190,318,98890
2022,2022-03,2,Category A,543,849,71556
2022,2022-03,2,Category B,555,824,98889
2022,2022-03,2,Category C,91,166,51504
2022,2022-03,2,Category D,409,575,10501
2022,2022-03,2,Category E,180,344,99010
2022,2022-03,3,Category A,560,911,34522
2022,2022-04,1,Category A,536,723,72996
2022,2022-04,1,Category B,550,708,98389
2022,2022-04,1,Category C,85,210,54901
2022,2022-04,1,Category D,407,561,10503
2022,2022-04,1,Category E,180,290,99999
2022,2022-04,2,Category A,532,744,68699
2022,2022-04,2,Category B,560,687,90002
2022,2022-04,2,Category C,76,181,52002
2022,2022-04,2,Category D,404,539,9801
2022,2022-04,2,Category E,184,295,95801
2022,2022-05,1,Category A,612,804,70901
2022,2022-05,1,Category B,527,699,92090
2022,2022-05,1,Category C,104,184,50890
2022,2022-05,1,Category D,563,773,9489
2022,2022-05,1,Category E,195,283,91112
2022,2022-05,2,Category A,625,819,68001
2022,2022-05,2,Category B,528,709,95889
2022,2022-05,2,Category C,103,220,51501
2022,2022-05,2,Category D,609,899,9490
2022,2022-05,2,Category E,191,309,95901
2022,2022-06,1,Category A,612,874,73801
2022,2022-06,1,Category B,528,851,100684
2022,2022-06,1,Category C,107,203,53002
2022,2022-06,1,Category D,563,859,10000
2022,2022-06,1,Category E,190,316,100697
2022,2022-06,2,Category A,614,850,74989
2022,2022-06,2,Category B,531,822,106001
2022,2022-06,2,Category C,103,224,53011
2022,2022-06,2,Category D,570,717,10302
2022,2022-06,2,Category E,194,276,104400
